Index,Customer Id,First Name,Last Name,Company,City,Country,Phone 1,Phone 2,Email,Subscription Date,Website
39,ec75Fb9C6A0DcF1, Joyce,Foster,Randolph LLC,Nataliestad,Korea,655.928.6486,-8098,samuel97@wyatt.com,29-10-2020,https://www.schmitt.com/
1426,bb891f77e3487E3,Faith,Cantrell ,Orr Ltd,Langside,Bermuda,(674)647-0825x5806,189.347.1699x609,ysanford@gill-benton.biz,12-04-2022,http://www.keith.org/
1918,CBDbCE4988ACeEA,Patty,Rose, Banks-Dalton,Wareton,Monaco,716.670.5905x140,5735395696,paula16@brock.info,06-03-2021,http://raymond.com/
2304,8f3acF81847CBEc,Dillon,Berry,Suarez Ltd,South Joy,Liechtenstein,267-619-7485,558.277.3699,belinda66@cain.info,08-11-2021,http://www.york.com/
2417,D0de99020DbDA12,Adrienne,Preston,Pitts LLC,Port Craig ,Belgium,982-427-2106,129-778-9465x38649,dzhang@aguilar.com,05-09-2021,http://www.rocha-ho.com/
2715,D8E3FFA4aD12caC,Alex,Griffith,Wyatt-Ross,Kiddborough,Malawi,1202680084,660-209-7391,richlindsay@hoover.biz,31-01-2020,http://www.leon.net/
2868,8B79dF5b2C91Ef8,Henry,Valdez,Scott PLC,Gregville,United Kingdom,(072)411-0588x6943,-5995,lbolton@andersen.net,02-10-2020,https://dudley.com/
3146,BA6999E80DCC1EF,Faith,Collier,Lopez Inc,Chaneybury,Congo,001-745-796-6726x8851,8755039492,kyates@lane.net,27-10-2020,http://george-hebert.com/
3171,5F4CEFce9bF1EdB,Michele,Salinas,Roberts-Ortega,Weberberg,Austria,920319570,045-397-0580,aguilarmark@fields.com,05-01-2020,https://www.massey-mora.com/
3213,B954CfaA1C41133,Kristine,Zavala,Lucero LLC,Jakechester,,-2739,(156)363-4700x59566,ltanner@mcdowell.com,14-04-2020,https://www.richards.info/
5018,0CE6799ca3D1E20,Dan,Blevins,Rosales-Banks,Allenborough,,961.963.3695,309.939.9386,andreshoward@yoder.net,29-06-2020,http://www.norton.com/
5151,00E84f40ae9Eb4E,Tanya,Rojas,Barr-David,Mackenziefort,,6677208633,1986896843,kerri85@trevino.com,23-09-2020,https://www.nguyen-olson.org/
5788,D8A0AfA17Faf039,Zachary,Meyer,Nunez-Wyatt,Yvettefort,,629.379.6334,467.335.1167,sophiavillarreal@fletcher.biz,24-11-2020,http://www.crane.com/
5987,B450cFFDae6291B,Sue,Carpenter,Hudson-Flores,Serranomouth,,622.582.2297,(559)218-7209,mikerowe@jarvis.com,11-08-2021,http://wilson-barton.com/
6530,c3EeEd28dB06e84,Krystal,Palmer,Jimenez and Sons,Dariusberg,,787-941-1436x180,-4354,audrey11@koch.com,06-02-2021,http://lin.com/
6641,B5BcFFDf4D903B9,Dean,Ellis,Arroyo Inc,West Gina,,(047)381-5470x7055,601.377.1377x755,qsantos@ortega.net,12-05-2022,http://kim.com/
6780,bd5d0273EcAcaE8,Shelia,Osborne,George-Cordova,Dylanbury,,825.866.6665,(665)039-0527x84883,lgreene@kerr.org,12-02-2021,http://reyes.org/
39,ec75Fb9C6A0DcF1,Joyce,Foster,Randolph LLC,Nataliestad,Korea,655.928.6486,-8098,samuel97@wyatt.com,29-10-2020,https://www.schmitt.com/
1426,bb891f77e3487E3,Faith,Cantrell,Orr Ltd,Langside,Bermuda,(674)647-0825x5806,189.347.1699x609,ysanford@gill-benton.biz,12-04-2022,http://www.keith.org/
1918,CBDbCE4988ACeEA,Patty,Rose,Banks-Dalton,Wareton,Monaco,,5735395696,paula16@brock.info,06-03-2021,http://raymond.com/
2304,8f3acF81847CBEc,Dillon,Berry,Suarez Ltd,South Joy,Liechtenstein,,558.277.3699,belinda66@cain.info,08-11-2021,http://www.york.com/
2417,D0de99020DbDA12,Adrienne,Preston,Pitts LLC,Port Craig,Belgium,,129-778-9465x38649,dzhang@aguilar.com,05-09-2021,http://www.rocha-ho.com/
2715,D8E3FFA4aD12caC,Alex,Griffith,Wyatt-Ross,Kiddborough,Malawi,,660-209-7391,richlindsay@hoover.biz,31-01-2020,http://www.leon.net/
2868,8B79dF5b2C91Ef8,Henry,Valdez,Scott PLC,Gregville,United Kingdom,,-5995,lbolton@andersen.net,02-10-2020,https://dudley.com/
3146,BA6999E80DCC1EF,Faith,Collier,Lopez Inc,Chaneybury,Congo,,8755039492,kyates@lane.net,27-10-2020,http://george-hebert.com/
3171,5F4CEFce9bF1EdB,Michele,Salinas,Roberts-Ortega,Weberberg,Austria,,045-397-0580,aguilarmark@fields.com,05-01-2020,https://www.massey-mora.com/
3213,B954CfaA1C41133,Kristine,Zavala,Lucero LLC,Jakechester,Saint Lucia,-2739,(156)363-4700x59566,ltanner@mcdowell.com,14-04-2020,https://www.richards.info/
5018,0CE6799ca3D1E20,Dan,Blevins,Rosales-Banks,Allenborough,Cuba,961.963.3695,309.939.9386,andreshoward@yoder.net,29-06-2020,http://www.norton.com/
5151,00E84f40ae9Eb4E,Tanya,Rojas,Barr-David,Mackenziefort,Taiwan,6677208633,1986896843,kerri85@trevino.com,23-09-2020,https://www.nguyen-olson.org/
5788,D8A0AfA17Faf039,Zachary,Meyer,Nunez-Wyatt,Yvettefort,Poland,629.379.6334,467.335.1167,sophiavillarreal@fletcher.biz,24-11-2020,http://www.crane.com/
5987,B450cFFDae6291B,Sue,Carpenter,Hudson-Flores,Serranomouth,Bermuda,622.582.2297,(559)218-7209,mikerowe@jarvis.com,11-08-2021,http://wilson-barton.com/
6530,c3EeEd28dB06e84,Krystal,Palmer,Jimenez and Sons,Dariusberg,Pitcairn Islands,787-941-1436x180,-4354,audrey11@koch.com,06-02-2021,http://lin.com/
6641,B5BcFFDf4D903B9,Dean,Ellis,Arroyo Inc,West Gina,Greenland,(047)381-5470x7055,601.377.1377x755,qsantos@ortega.net,12-05-2022,http://kim.com/
6780,bd5d0273EcAcaE8,Shelia,Osborne,George-Cordova,Dylanbury,Reunion,825.866.6665,(665)039-0527x84883,lgreene@kerr.org,12-02-2021,http://reyes.org/
